{
    "config": "batch_size=4",
    "eval_loss": 0.6738555431365967,
    "eval_accuracy": 0.5763636363636364,
    "eval_f1_macro": 0.36562860438292966,
    "eval_f1_weighted": 0.42147006396141345,
    "eval_precision_macro": 0.2881818181818182,
    "eval_recall_macro": 0.5,
    "eval_runtime": 22.3489,
    "eval_samples_per_second": 73.829,
    "eval_steps_per_second": 18.48,
    "epoch": 4.0
}